{
  "accuracy": 0.7120213713268032,
  "brier_score": 0.181000217795372,
  "log_loss": 0.5328058710368271,
  "auc": 0.7763826867299473,
  "home_win_rate_actual": 0.6377560106856635,
  "home_win_rate_predicted": "0.6421386",
  "n_train": 11074,
  "n_test": 5615,
  "best_iteration": 84,
  "train_seasons": [
    "2024",
    "2025"
  ],
  "test_season": "2026"
}