{
  "accuracy": 0.7674948712103944,
  "brier_score": 0.1568228155374527,
  "log_loss": 0.4709416459851815,
  "auc": 0.8349267018787311,
  "home_win_rate_actual": 0.642808297241851,
  "home_win_rate_predicted": "0.66249716",
  "n_train": 11074,
  "n_test": 4387,
  "best_iteration": 100,
  "train_seasons": [
    "2024",
    "2025"
  ],
  "test_season": "2026"
}